Workbook

Sheet Inputs
A1: Outlet Payment Timeline – Inputs
A2: Timeline start | C2: 46296 | D2: Payments to 30 Sep are recorded as 'Paid'; balance is scheduled from this date.
A3: Timeline end | C3: 46387
A4: Blue text / yellow fill = inputs you can edit. Black = formulas.
A6: No | B6: Outlet | C6: Grand Opening | D6: Cost (RM) | E6: Paid to 30 Sep (RM) | F6: Balance (RM) | G6: % of balance paid before opening | H6: Pre-opening start | I6: Pre-opening end | J6: Post-opening start | K6: Post-opening end | L6: Notes
A7: 10 | B7: PASIR GUDANG | C7: 46295 | D7: 650000 | E7: 300000 | F7: =D7-E7 | G7: 0 | H7: =MAX(C7-45,$C$2) | I7: =C7-1 | J7: 46296 | K7: 46326 | L7: Already open 30 Sep. Balance spread evenly over October (~RM79k/week).
A8: 11 | B8: CHERAS DWITASIK | C8: 46307 | D8: 650000 | E8: 91500 | F8: =D8-E8 | G8: 0.5 | H8: =MAX(C8-45,$C$2) | I8: =C8-1 | J8: =C8 | K8: 46334 | L8: 50% of balance 1–11 Oct; 50% after opening, 12 Oct – 8 Nov (4 weeks).
A9: 12 | B9: PETALING JAYA | C9: 46322 | D9: 650000 | E9: 122000 | F9: =D9-E9 | G9: 1 | H9: =MAX(C9-45,$C$2) | I9: =C9-1 | L9: Balance spread 1 – 26 Oct.
A10: 13 | B10: TAIPAN USJ | C10: 46342 | D10: 450000 | E10: 0 | F10: =D10-E10 | G10: 1 | H10: =MAX(C10-45,$C$2) | I10: =C10-1 | L10: 45 days before opening
A11: 14 | B11: BANGSAR | C11: 46344 | D11: 450000 | E11: 0 | F11: =D11-E11 | G11: 1 | H11: =MAX(C11-45,$C$2) | I11: =C11-1 | L11: 45 days before opening
A12: 15 | B12: MACHANG | C12: 46344 | D12: 450000 | E12: 0 | F12: =D12-E12 | G12: 1 | H12: =MAX(C12-45,$C$2) | I12: =C12-1 | L12: 45 days before opening
A13: 16 | B13: ARAU | C13: 46349 | D13: 450000 | E13: 0 | F13: =D13-E13 | G13: 1 | H13: =MAX(C13-45,$C$2) | I13: =C13-1 | L13: 45 days before opening
A14: 17 | B14: PASIR MAS | C14: 46356 | D14: 450000 | E14: 0 | F14: =D14-E14 | G14: 1 | H14: =MAX(C14-45,$C$2) | I14: =C14-1 | L14: 45 days before opening
A15: 18 | B15: KEMAMAN | C15: 46363 | D15: 450000 | E15: 0 | F15: =D15-E15 | G15: 1 | H15: =MAX(C15-45,$C$2) | I15: =C15-1 | L15: 45 days before opening
A16: 19 | B16: CHANGLUN | C16: 46365 | D16: 450000 | E16: 0 | F16: =D16-E16 | G16: 1 | H16: =MAX(C16-45,$C$2) | I16: =C16-1 | L16: 45 days before opening
A17: 20 | B17: MUAR | C17: 46371 | D17: 450000 | E17: 0 | F17: =D17-E17 | G17: 1 | H17: =MAX(C17-45,$C$2) | I17: =C17-1 | L17: 45 days before opening
B18: TOTAL | D18: =SUM(D7:D17) | E18: =SUM(E7:E17) | F18: =SUM(F7:F17)
A20: Not included: #21 ICOMSRWK (grand opening TBD) – add a row when the date is confirmed (RM450,000).
A21: Source: grand opening dates, costs (RM650k for #10–12, RM450k for #13–20) and amounts paid to Sep were provided by the user.

Sheet Weekly Timeline
A1: Weekly Payment Timeline – 1 Oct to 31 Dec 2026 (RM)
A2: All figures are formulas driven by the Inputs sheet. Cost is spread evenly per day across each payment window, then summed by week (Mon–Sun) and by month.
U3: Monthly summary
A4: No | B4: Outlet | C4: Balance (RM) | D4: Wk 1 | E4: Wk 2 | F4: Wk 3 | G4: Wk 4 | H4: Wk 5 | I4: Wk 6 | J4: Wk 7 | K4: Wk 8 | L4: Wk 9 | M4: Wk 10 | N4: Wk 11 | O4: Wk 12 | P4: Wk 13 | Q4: Wk 14 | R4: Total Oct–Dec | S4: Check vs balance | U4: Oct-26 | V4: Nov-26 | W4: Dec-26
B5: Week start | D5: =Inputs!$C$2 | E5: =D6+1 | F5: =E6+1 | G5: =F6+1 | H5: =G6+1 | I5: =H6+1 | J5: =I6+1 | K5: =J6+1 | L5: =K6+1 | ... Q5: =P6+1 | U5: 46296 | V5: 46327 | W5: 46357
B6: Week end | D6: =D5+6-MOD(D5-2,7) | E6: =MIN(E5+6,Inputs!$C$3) | F6: =MIN(F5+6,Inputs!$C$3) | G6: =MIN(G5+6,Inputs!$C$3) | H6: =MIN(H5+6,Inputs!$C$3) | I6: =MIN(I5+6,Inputs!$C$3) | J6: =MIN(J5+6,Inputs!$C$3) | K6: =MIN(K5+6,Inputs!$C$3) | L6: =MIN(L5+6,Inputs!$C$3) | ... Q6: =MIN(Q5+6,Inputs!$C$3) | U6: 46326 | V6: 46356 | W6: 46387
A7: =Inputs!A7 | B7: =Inputs!B7 | C7: =Inputs!F7 | D7: =IF(Inputs!$F$7*Inputs!$G$7=0,0,Inputs!$F$7*Inputs!$G$7*MAX(0,MIN(D$6,Inputs!$I$7)-MAX(D$5,Inputs!$H$7)+1)/(Inputs!$I$7-Inputs!$H$7+1))+IF(Inputs!$F$7*(1-Inputs!$G$7)=0,0,Inputs!$F$7*(1-Inputs!$G$7)*MAX(0,MIN(D$6,Inputs!$K$7)-MAX(D$5,Inputs!$J$7)+1)/(Inputs!$K$7-Inputs!$J$7+1)) | E7: =IF(Inputs!$F$7*Inputs!$G$7=0,0,Inputs!$F$7*Inputs!$G$7*MAX(0,MIN(E$6,Inputs!$I$7)-MAX(E$5,Inputs!$H$7)+1)/(Inputs!$I$7-Inputs!$H$7+1))+IF(Inputs!$F$7*(1-Inputs!$G$7)=0,0,Inputs!$F$7*(1-Inputs!$G$7)*MAX(0,MIN(E$6,Inputs!$K$7)-MAX(E$5,Inputs!$J$7)+1)/(Inputs!$K$7-Inputs!$J$7+1)) | F7: =IF(Inputs!$F$7*Inputs!$G$7=0,0,Inputs!$F$7*Inputs!$G$7*MAX(0,MIN(F$6,Inputs!$I$7)-MAX(F$5,Inputs!$H$7)+1)/(Inputs!$I$7-Inputs!$H$7+1))+IF(Inputs!$F$7*(1-Inputs!$G$7)=0,0,Inputs!$F$7*(1-Inputs!$G$7)*MAX(0,MIN(F$6,Inputs!$K$7)-MAX(F$5,Inputs!$J$7)+1)/(Inputs!$K$7-Inputs!$J$7+1)) | G7: =IF(Inputs!$F$7*Inputs!$G$7=0,0,Inputs!$F$7*Inputs!$G$7*MAX(0,MIN(G$6,Inputs!$I$7)-MAX(G$5,Inputs!$H$7)+1)/(Inputs!$I$7-Inputs!$H$7+1))+IF(Inputs!$F$7*(1-Inputs!$G$7)=0,0,Inputs!$F$7*(1-Inputs!$G$7)*MAX(0,MIN(G$6,Inputs!$K$7)-MAX(G$5,Inputs!$J$7)+1)/(Inputs!$K$7-Inputs!$J$7+1)) | H7: =IF(Inputs!$F$7*Inputs!$G$7=0,0,Inputs!$F$7*Inputs!$G$7*MAX(0,MIN(H$6,Inputs!$I$7)-MAX(H$5,Inputs!$H$7)+1)/(Inputs!$I$7-Inputs!$H$7+1))+IF(Inputs!$F$7*(1-Inputs!$G$7)=0,0,Inputs!$F$7*(1-Inputs!$G$7)*MAX(0,MIN(H$6,Inputs!$K$7)-MAX(H$5,Inputs!$J$7)+1)/(Inputs!$K$7-Inputs!$J$7+1)) | I7: =IF(Inputs!$F$7*Inputs!$G$7=0,0,Inputs!$F$7*Inputs!$G$7*MAX(0,MIN(I$6,Inputs!$I$7)-MAX(I$5,Inputs!$H$7)+1)/(Inputs!$I$7-Inputs!$H$7+1))+IF(Inputs!$F$7*(1-Inputs!$G$7)=0,0,Inputs!$F$7*(1-Inputs!$G$7)*MAX(0,MIN(I$6,Inputs!$K$7)-MAX(I$5,Inputs!$J$7)+1)/(Inputs!$K$7-Inputs!$J$7+1)) | J7: =IF(Inputs!$F$7*Inputs!$G$7=0,0,Inputs!$F$7*Inputs!$G$7*MAX(0,MIN(J$6,Inputs!$I$7)-MAX(J$5,Inputs!$H$7)+1)/(Inputs!$I$7-Inputs!$H$7+1))+IF(Inputs!$F$7*(1-Inputs!$G$7)=0,0,Inputs!$F$7*(1-Inputs!$G$7)*MAX(0,MIN(J$6,Inputs!$K$7)-MAX(J$5,Inputs!$J$7)+1)/(Inputs!$K$7-Inputs!$J$7+1)) | K7: =IF(Inputs!$F$7*Inputs!$G$7=0,0,Inputs!$F$7*Inputs!$G$7*MAX(0,MIN(K$6,Inputs!$I$7)-MAX(K$5,Inputs!$H$7)+1)/(Inputs!$I$7-Inputs!$H$7+1))+IF(Inputs!$F$7*(1-Inputs!$G$7)=0,0,Inputs!$F$7*(1-Inputs!$G$7)*MAX(0,MIN(K$6,Inputs!$K$7)-MAX(K$5,Inputs!$J$7)+1)/(Inputs!$K$7-Inputs!$J$7+1)) | ... Q7: =IF(Inputs!$F$7*Inputs!$G$7=0,0,Inputs!$F$7*Inputs!$G$7*MAX(0,MIN(Q$6,Inputs!$I$7)-MAX(Q$5,Inputs!$H$7)+1)/(Inputs!$I$7-Inputs!$H$7+1))+IF(Inputs!$F$7*(1-Inputs!$G$7)=0,0,Inputs!$F$7*(1-Inputs!$G$7)*MAX(0,MIN(Q$6,Inputs!$K$7)-MAX(Q$5,Inputs!$J$7)+1)/(Inputs!$K$7-Inputs!$J$7+1)) | R7: =SUM(D7:Q7) | S7: =R7-C7 | U7: =IF(Inputs!$F$7*Inputs!$G$7=0,0,Inputs!$F$7*Inputs!$G$7*MAX(0,MIN(U$6,Inputs!$I$7)-MAX(U$5,Inputs!$H$7)+1)/(Inputs!$I$7-Inputs!$H$7+1))+IF(Inputs!$F$7*(1-Inputs!$G$7)=0,0,Inputs!$F$7*(1-Inputs!$G$7)*MAX(0,MIN(U$6,Inputs!$K$7)-MAX(U$5,Inputs!$J$7)+1)/(Inputs!$K$7-Inputs!$J$7+1)) | V7: =IF(Inputs!$F$7*Inputs!$G$7=0,0,Inputs!$F$7*Inputs!$G$7*MAX(0,MIN(V$6,Inputs!$I$7)-MAX(V$5,Inputs!$H$7)+1)/(Inputs!$I$7-Inputs!$H$7+1))+IF(Inputs!$F$7*(1-Inputs!$G$7)=0,0,Inputs!$F$7*(1-Inputs!$G$7)*MAX(0,MIN(V$6,Inputs!$K$7)-MAX(V$5,Inputs!$J$7)+1)/(Inputs!$K$7-Inputs!$J$7+1)) | W7: =IF(Inputs!$F$7*Inputs!$G$7=0,0,Inputs!$F$7*Inputs!$G$7*MAX(0,MIN(W$6,Inputs!$I$7)-MAX(W$5,Inputs!$H$7)+1)/(Inputs!$I$7-Inputs!$H$7+1))+IF(Inputs!$F$7*(1-Inputs!$G$7)=0,0,Inputs!$F$7*(1-Inputs!$G$7)*MAX(0,MIN(W$6,Inputs!$K$7)-MAX(W$5,Inputs!$J$7)+1)/(Inputs!$K$7-Inputs!$J$7+1))
A8: =Inputs!A8 | B8: =Inputs!B8 | C8: =Inputs!F8 | D8: =IF(Inputs!$F$8*Inputs!$G$8=0,0,Inputs!$F$8*Inputs!$G$8*MAX(0,MIN(D$6,Inputs!$I$8)-MAX(D$5,Inputs!$H$8)+1)/(Inputs!$I$8-Inputs!$H$8+1))+IF(Inputs!$F$8*(1-Inputs!$G$8)=0,0,Inputs!$F$8*(1-Inputs!$G$8)*MAX(0,MIN(D$6,Inputs!$K$8)-MAX(D$5,Inputs!$J$8)+1)/(Inputs!$K$8-Inputs!$J$8+1)) | E8: =IF(Inputs!$F$8*Inputs!$G$8=0,0,Inputs!$F$8*Inputs!$G$8*MAX(0,MIN(E$6,Inputs!$I$8)-MAX(E$5,Inputs!$H$8)+1)/(Inputs!$I$8-Inputs!$H$8+1))+IF(Inputs!$F$8*(1-Inputs!$G$8)=0,0,Inputs!$F$8*(1-Inputs!$G$8)*MAX(0,MIN(E$6,Inputs!$K$8)-MAX(E$5,Inputs!$J$8)+1)/(Inputs!$K$8-Inputs!$J$8+1)) | F8: =IF(Inputs!$F$8*Inputs!$G$8=0,0,Inputs!$F$8*Inputs!$G$8*MAX(0,MIN(F$6,Inputs!$I$8)-MAX(F$5,Inputs!$H$8)+1)/(Inputs!$I$8-Inputs!$H$8+1))+IF(Inputs!$F$8*(1-Inputs!$G$8)=0,0,Inputs!$F$8*(1-Inputs!$G$8)*MAX(0,MIN(F$6,Inputs!$K$8)-MAX(F$5,Inputs!$J$8)+1)/(Inputs!$K$8-Inputs!$J$8+1)) | G8: =IF(Inputs!$F$8*Inputs!$G$8=0,0,Inputs!$F$8*Inputs!$G$8*MAX(0,MIN(G$6,Inputs!$I$8)-MAX(G$5,Inputs!$H$8)+1)/(Inputs!$I$8-Inputs!$H$8+1))+IF(Inputs!$F$8*(1-Inputs!$G$8)=0,0,Inputs!$F$8*(1-Inputs!$G$8)*MAX(0,MIN(G$6,Inputs!$K$8)-MAX(G$5,Inputs!$J$8)+1)/(Inputs!$K$8-Inputs!$J$8+1)) | H8: =IF(Inputs!$F$8*Inputs!$G$8=0,0,Inputs!$F$8*Inputs!$G$8*MAX(0,MIN(H$6,Inputs!$I$8)-MAX(H$5,Inputs!$H$8)+1)/(Inputs!$I$8-Inputs!$H$8+1))+IF(Inputs!$F$8*(1-Inputs!$G$8)=0,0,Inputs!$F$8*(1-Inputs!$G$8)*MAX(0,MIN(H$6,Inputs!$K$8)-MAX(H$5,Inputs!$J$8)+1)/(Inputs!$K$8-Inputs!$J$8+1)) | I8: =IF(Inputs!$F$8*Inputs!$G$8=0,0,Inputs!$F$8*Inputs!$G$8*MAX(0,MIN(I$6,Inputs!$I$8)-MAX(I$5,Inputs!$H$8)+1)/(Inputs!$I$8-Inputs!$H$8+1))+IF(Inputs!$F$8*(1-Inputs!$G$8)=0,0,Inputs!$F$8*(1-Inputs!$G$8)*MAX(0,MIN(I$6,Inputs!$K$8)-MAX(I$5,Inputs!$J$8)+1)/(Inputs!$K$8-Inputs!$J$8+1)) | J8: =IF(Inputs!$F$8*Inputs!$G$8=0,0,Inputs!$F$8*Inputs!$G$8*MAX(0,MIN(J$6,Inputs!$I$8)-MAX(J$5,Inputs!$H$8)+1)/(Inputs!$I$8-Inputs!$H$8+1))+IF(Inputs!$F$8*(1-Inputs!$G$8)=0,0,Inputs!$F$8*(1-Inputs!$G$8)*MAX(0,MIN(J$6,Inputs!$K$8)-MAX(J$5,Inputs!$J$8)+1)/(Inputs!$K$8-Inputs!$J$8+1)) | K8: =IF(Inputs!$F$8*Inputs!$G$8=0,0,Inputs!$F$8*Inputs!$G$8*MAX(0,MIN(K$6,Inputs!$I$8)-MAX(K$5,Inputs!$H$8)+1)/(Inputs!$I$8-Inputs!$H$8+1))+IF(Inputs!$F$8*(1-Inputs!$G$8)=0,0,Inputs!$F$8*(1-Inputs!$G$8)*MAX(0,MIN(K$6,Inputs!$K$8)-MAX(K$5,Inputs!$J$8)+1)/(Inputs!$K$8-Inputs!$J$8+1)) | ... Q8: =IF(Inputs!$F$8*Inputs!$G$8=0,0,Inputs!$F$8*Inputs!$G$8*MAX(0,MIN(Q$6,Inputs!$I$8)-MAX(Q$5,Inputs!$H$8)+1)/(Inputs!$I$8-Inputs!$H$8+1))+IF(Inputs!$F$8*(1-Inputs!$G$8)=0,0,Inputs!$F$8*(1-Inputs!$G$8)*MAX(0,MIN(Q$6,Inputs!$K$8)-MAX(Q$5,Inputs!$J$8)+1)/(Inputs!$K$8-Inputs!$J$8+1)) | R8: =SUM(D8:Q8) | S8: =R8-C8 | U8: =IF(Inputs!$F$8*Inputs!$G$8=0,0,Inputs!$F$8*Inputs!$G$8*MAX(0,MIN(U$6,Inputs!$I$8)-MAX(U$5,Inputs!$H$8)+1)/(Inputs!$I$8-Inputs!$H$8+1))+IF(Inputs!$F$8*(1-Inputs!$G$8)=0,0,Inputs!$F$8*(1-Inputs!$G$8)*MAX(0,MIN(U$6,Inputs!$K$8)-MAX(U$5,Inputs!$J$8)+1)/(Inputs!$K$8-Inputs!$J$8+1)) | V8: =IF(Inputs!$F$8*Inputs!$G$8=0,0,Inputs!$F$8*Inputs!$G$8*MAX(0,MIN(V$6,Inputs!$I$8)-MAX(V$5,Inputs!$H$8)+1)/(Inputs!$I$8-Inputs!$H$8+1))+IF(Inputs!$F$8*(1-Inputs!$G$8)=0,0,Inputs!$F$8*(1-Inputs!$G$8)*MAX(0,MIN(V$6,Inputs!$K$8)-MAX(V$5,Inputs!$J$8)+1)/(Inputs!$K$8-Inputs!$J$8+1)) | W8: =IF(Inputs!$F$8*Inputs!$G$8=0,0,Inputs!$F$8*Inputs!$G$8*MAX(0,MIN(W$6,Inputs!$I$8)-MAX(W$5,Inputs!$H$8)+1)/(Inputs!$I$8-Inputs!$H$8+1))+IF(Inputs!$F$8*(1-Inputs!$G$8)=0,0,Inputs!$F$8*(1-Inputs!$G$8)*MAX(0,MIN(W$6,Inputs!$K$8)-MAX(W$5,Inputs!$J$8)+1)/(Inputs!$K$8-Inputs!$J$8+1))
A9: =Inputs!A9 | B9: =Inputs!B9 | C9: =Inputs!F9 | D9: =IF(Inputs!$F$9*Inputs!$G$9=0,0,Inputs!$F$9*Inputs!$G$9*MAX(0,MIN(D$6,Inputs!$I$9)-MAX(D$5,Inputs!$H$9)+1)/(Inputs!$I$9-Inputs!$H$9+1))+IF(Inputs!$F$9*(1-Inputs!$G$9)=0,0,Inputs!$F$9*(1-Inputs!$G$9)*MAX(0,MIN(D$6,Inputs!$K$9)-MAX(D$5,Inputs!$J$9)+1)/(Inputs!$K$9-Inputs!$J$9+1)) | E9: =IF(Inputs!$F$9*Inputs!$G$9=0,0,Inputs!$F$9*Inputs!$G$9*MAX(0,MIN(E$6,Inputs!$I$9)-MAX(E$5,Inputs!$H$9)+1)/(Inputs!$I$9-Inputs!$H$9+1))+IF(Inputs!$F$9*(1-Inputs!$G$9)=0,0,Inputs!$F$9*(1-Inputs!$G$9)*MAX(0,MIN(E$6,Inputs!$K$9)-MAX(E$5,Inputs!$J$9)+1)/(Inputs!$K$9-Inputs!$J$9+1)) | F9: =IF(Inputs!$F$9*Inputs!$G$9=0,0,Inputs!$F$9*Inputs!$G$9*MAX(0,MIN(F$6,Inputs!$I$9)-MAX(F$5,Inputs!$H$9)+1)/(Inputs!$I$9-Inputs!$H$9+1))+IF(Inputs!$F$9*(1-Inputs!$G$9)=0,0,Inputs!$F$9*(1-Inputs!$G$9)*MAX(0,MIN(F$6,Inputs!$K$9)-MAX(F$5,Inputs!$J$9)+1)/(Inputs!$K$9-Inputs!$J$9+1)) | G9: =IF(Inputs!$F$9*Inputs!$G$9=0,0,Inputs!$F$9*Inputs!$G$9*MAX(0,MIN(G$6,Inputs!$I$9)-MAX(G$5,Inputs!$H$9)+1)/(Inputs!$I$9-Inputs!$H$9+1))+IF(Inputs!$F$9*(1-Inputs!$G$9)=0,0,Inputs!$F$9*(1-Inputs!$G$9)*MAX(0,MIN(G$6,Inputs!$K$9)-MAX(G$5,Inputs!$J$9)+1)/(Inputs!$K$9-Inputs!$J$9+1)) | H9: =IF(Inputs!$F$9*Inputs!$G$9=0,0,Inputs!$F$9*Inputs!$G$9*MAX(0,MIN(H$6,Inputs!$I$9)-MAX(H$5,Inputs!$H$9)+1)/(Inputs!$I$9-Inputs!$H$9+1))+IF(Inputs!$F$9*(1-Inputs!$G$9)=0,0,Inputs!$F$9*(1-Inputs!$G$9)*MAX(0,MIN(H$6,Inputs!$K$9)-MAX(H$5,Inputs!$J$9)+1)/(Inputs!$K$9-Inputs!$J$9+1)) | I9: =IF(Inputs!$F$9*Inputs!$G$9=0,0,Inputs!$F$9*Inputs!$G$9*MAX(0,MIN(I$6,Inputs!$I$9)-MAX(I$5,Inputs!$H$9)+1)/(Inputs!$I$9-Inputs!$H$9+1))+IF(Inputs!$F$9*(1-Inputs!$G$9)=0,0,Inputs!$F$9*(1-Inputs!$G$9)*MAX(0,MIN(I$6,Inputs!$K$9)-MAX(I$5,Inputs!$J$9)+1)/(Inputs!$K$9-Inputs!$J$9+1)) | J9: =IF(Inputs!$F$9*Inputs!$G$9=0,0,Inputs!$F$9*Inputs!$G$9*MAX(0,MIN(J$6,Inputs!$I$9)-MAX(J$5,Inputs!$H$9)+1)/(Inputs!$I$9-Inputs!$H$9+1))+IF(Inputs!$F$9*(1-Inputs!$G$9)=0,0,Inputs!$F$9*(1-Inputs!$G$9)*MAX(0,MIN(J$6,Inputs!$K$9)-MAX(J$5,Inputs!$J$9)+1)/(Inputs!$K$9-Inputs!$J$9+1)) | K9: =IF(Inputs!$F$9*Inputs!$G$9=0,0,Inputs!$F$9*Inputs!$G$9*MAX(0,MIN(K$6,Inputs!$I$9)-MAX(K$5,Inputs!$H$9)+1)/(Inputs!$I$9-Inputs!$H$9+1))+IF(Inputs!$F$9*(1-Inputs!$G$9)=0,0,Inputs!$F$9*(1-Inputs!$G$9)*MAX(0,MIN(K$6,Inputs!$K$9)-MAX(K$5,Inputs!$J$9)+1)/(Inputs!$K$9-Inputs!$J$9+1)) | ... Q9: =IF(Inputs!$F$9*Inputs!$G$9=0,0,Inputs!$F$9*Inputs!$G$9*MAX(0,MIN(Q$6,Inputs!$I$9)-MAX(Q$5,Inputs!$H$9)+1)/(Inputs!$I$9-Inputs!$H$9+1))+IF(Inputs!$F$9*(1-Inputs!$G$9)=0,0,Inputs!$F$9*(1-Inputs!$G$9)*MAX(0,MIN(Q$6,Inputs!$K$9)-MAX(Q$5,Inputs!$J$9)+1)/(Inputs!$K$9-Inputs!$J$9+1)) | R9: =SUM(D9:Q9) | S9: =R9-C9 | U9: =IF(Inputs!$F$9*Inputs!$G$9=0,0,Inputs!$F$9*Inputs!$G$9*MAX(0,MIN(U$6,Inputs!$I$9)-MAX(U$5,Inputs!$H$9)+1)/(Inputs!$I$9-Inputs!$H$9+1))+IF(Inputs!$F$9*(1-Inputs!$G$9)=0,0,Inputs!$F$9*(1-Inputs!$G$9)*MAX(0,MIN(U$6,Inputs!$K$9)-MAX(U$5,Inputs!$J$9)+1)/(Inputs!$K$9-Inputs!$J$9+1)) | V9: =IF(Inputs!$F$9*Inputs!$G$9=0,0,Inputs!$F$9*Inputs!$G$9*MAX(0,MIN(V$6,Inputs!$I$9)-MAX(V$5,Inputs!$H$9)+1)/(Inputs!$I$9-Inputs!$H$9+1))+IF(Inputs!$F$9*(1-Inputs!$G$9)=0,0,Inputs!$F$9*(1-Inputs!$G$9)*MAX(0,MIN(V$6,Inputs!$K$9)-MAX(V$5,Inputs!$J$9)+1)/(Inputs!$K$9-Inputs!$J$9+1)) | W9: =IF(Inputs!$F$9*Inputs!$G$9=0,0,Inputs!$F$9*Inputs!$G$9*MAX(0,MIN(W$6,Inputs!$I$9)-MAX(W$5,Inputs!$H$9)+1)/(Inputs!$I$9-Inputs!$H$9+1))+IF(Inputs!$F$9*(1-Inputs!$G$9)=0,0,Inputs!$F$9*(1-Inputs!$G$9)*MAX(0,MIN(W$6,Inputs!$K$9)-MAX(W$5,Inputs!$J$9)+1)/(Inputs!$K$9-Inputs!$J$9+1))
A10: =Inputs!A10 | B10: =Inputs!B10 | C10: =Inputs!F10 | D10: =IF(Inputs!$F$10*Inputs!$G$10=0,0,Inputs!$F$10*Inputs!$G$10*MAX(0,MIN(D$6,Inputs!$I$10)-MAX(D$5,Inputs!$H$10)+1)/(Inputs!$I$10-Inputs!$H$10+1))+IF(Inputs!$F$10*(1-Inputs!$G$10)=0,0,Inputs!$F$10*(1-Inputs!$G$10)*MAX(0,MIN(D$6,Inputs!$K$10)-MAX(D$5,Inputs!$J$10)+1)/(Inputs!$K$10-Inputs!$J$10+1)) | E10: =IF(Inputs!$F$10*Inputs!$G$10=0,0,Inputs!$F$10*Inputs!$G$10*MAX(0,MIN(E$6,Inputs!$I$10)-MAX(E$5,Inputs!$H$10)+1)/(Inputs!$I$10-Inputs!$H$10+1))+IF(Inputs!$F$10*(1-Inputs!$G$10)=0,0,Inputs!$F$10*(1-Inputs!$G$10)*MAX(0,MIN(E$6,Inputs!$K$10)-MAX(E$5,Inputs!$J$10)+1)/(Inputs!$K$10-Inputs!$J$10+1)) | F10: =IF(Inputs!$F$10*Inputs!$G$10=0,0,Inputs!$F$10*Inputs!$G$10*MAX(0,MIN(F$6,Inputs!$I$10)-MAX(F$5,Inputs!$H$10)+1)/(Inputs!$I$10-Inputs!$H$10+1))+IF(Inputs!$F$10*(1-Inputs!$G$10)=0,0,Inputs!$F$10*(1-Inputs!$G$10)*MAX(0,MIN(F$6,Inputs!$K$10)-MAX(F$5,Inputs!$J$10)+1)/(Inputs!$K$10-Inputs!$J$10+1)) | G10: =IF(Inputs!$F$10*Inputs!$G$10=0,0,Inputs!$F$10*Inputs!$G$10*MAX(0,MIN(G$6,Inputs!$I$10)-MAX(G$5,Inputs!$H$10)+1)/(Inputs!$I$10-Inputs!$H$10+1))+IF(Inputs!$F$10*(1-Inputs!$G$10)=0,0,Inputs!$F$10*(1-Inputs!$G$10)*MAX(0,MIN(G$6,Inputs!$K$10)-MAX(G$5,Inputs!$J$10)+1)/(Inputs!$K$10-Inputs!$J$10+1)) | H10: =IF(Inputs!$F$10*Inputs!$G$10=0,0,Inputs!$F$10*Inputs!$G$10*MAX(0,MIN(H$6,Inputs!$I$10)-MAX(H$5,Inputs!$H$10)+1)/(Inputs!$I$10-Inputs!$H$10+1))+IF(Inputs!$F$10*(1-Inputs!$G$10)=0,0,Inputs!$F$10*(1-Inputs!$G$10)*MAX(0,MIN(H$6,Inputs!$K$10)-MAX(H$5,Inputs!$J$10)+1)/(Inputs!$K$10-Inputs!$J$10+1)) | I10: =IF(Inputs!$F$10*Inputs!$G$10=0,0,Inputs!$F$10*Inputs!$G$10*MAX(0,MIN(I$6,Inputs!$I$10)-MAX(I$5,Inputs!$H$10)+1)/(Inputs!$I$10-Inputs!$H$10+1))+IF(Inputs!$F$10*(1-Inputs!$G$10)=0,0,Inputs!$F$10*(1-Inputs!$G$10)*MAX(0,MIN(I$6,Inputs!$K$10)-MAX(I$5,Inputs!$J$10)+1)/(Inputs!$K$10-Inputs!$J$10+1)) | J10: =IF(Inputs!$F$10*Inputs!$G$10=0,0,Inputs!$F$10*Inputs!$G$10*MAX(0,MIN(J$6,Inputs!$I$10)-MAX(J$5,Inputs!$H$10)+1)/(Inputs!$I$10-Inputs!$H$10+1))+IF(Inputs!$F$10*(1-Inputs!$G$10)=0,0,Inputs!$F$10*(1-Inputs!$G$10)*MAX(0,MIN(J$6,Inputs!$K$10)-MAX(J$5,Inputs!$J$10)+1)/(Inputs!$K$10-Inputs!$J$10+1)) | K10: =IF(Inputs!$F$10*Inputs!$G$10=0,0,Inputs!$F$10*Inputs!$G$10*MAX(0,MIN(K$6,Inputs!$I$10)-MAX(K$5,Inputs!$H$10)+1)/(Inputs!$I$10-Inputs!$H$10+1))+IF(Inputs!$F$10*(1-Inputs!$G$10)=0,0,Inputs!$F$10*(1-Inputs!$G$10)*MAX(0,MIN(K$6,Inputs!$K$10)-MAX(K$5,Inputs!$J$10)+1)/(Inputs!$K$10-Inputs!$J$10+1)) | ... Q10: =IF(Inputs!$F$10*Inputs!$G$10=0,0,Inputs!$F$10*Inputs!$G$10*MAX(0,MIN(Q$6,Inputs!$I$10)-MAX(Q$5,Inputs!$H$10)+1)/(Inputs!$I$10-Inputs!$H$10+1))+IF(Inputs!$F$10*(1-Inputs!$G$10)=0,0,Inputs!$F$10*(1-Inputs!$G$10)*MAX(0,MIN(Q$6,Inputs!$K$10)-MAX(Q$5,Inputs!$J$10)+1)/(Inputs!$K$10-Inputs!$J$10+1)) | R10: =SUM(D10:Q10) | S10: =R10-C10 | U10: =IF(Inputs!$F$10*Inputs!$G$10=0,0,Inputs!$F$10*Inputs!$G$10*MAX(0,MIN(U$6,Inputs!$I$10)-MAX(U$5,Inputs!$H$10)+1)/(Inputs!$I$10-Inputs!$H$10+1))+IF(Inputs!$F$10*(1-Inputs!$G$10)=0,0,Inputs!$F$10*(1-Inputs!$G$10)*MAX(0,MIN(U$6,Inputs!$K$10)-MAX(U$5,Inputs!$J$10)+1)/(Inputs!$K$10-Inputs!$J$10+1)) | V10: =IF(Inputs!$F$10*Inputs!$G$10=0,0,Inputs!$F$10*Inputs!$G$10*MAX(0,MIN(V$6,Inputs!$I$10)-MAX(V$5,Inputs!$H$10)+1)/(Inputs!$I$10-Inputs!$H$10+1))+IF(Inputs!$F$10*(1-Inputs!$G$10)=0,0,Inputs!$F$10*(1-Inputs!$G$10)*MAX(0,MIN(V$6,Inputs!$K$10)-MAX(V$5,Inputs!$J$10)+1)/(Inputs!$K$10-Inputs!$J$10+1)) | W10: =IF(Inputs!$F$10*Inputs!$G$10=0,0,Inputs!$F$10*Inputs!$G$10*MAX(0,MIN(W$6,Inputs!$I$10)-MAX(W$5,Inputs!$H$10)+1)/(Inputs!$I$10-Inputs!$H$10+1))+IF(Inputs!$F$10*(1-Inputs!$G$10)=0,0,Inputs!$F$10*(1-Inputs!$G$10)*MAX(0,MIN(W$6,Inputs!$K$10)-MAX(W$5,Inputs!$J$10)+1)/(Inputs!$K$10-Inputs!$J$10+1))
A11: =Inputs!A11 | B11: =Inputs!B11 | C11: =Inputs!F11 | D11: =IF(Inputs!$F$11*Inputs!$G$11=0,0,Inputs!$F$11*Inputs!$G$11*MAX(0,MIN(D$6,Inputs!$I$11)-MAX(D$5,Inputs!$H$11)+1)/(Inputs!$I$11-Inputs!$H$11+1))+IF(Inputs!$F$11*(1-Inputs!$G$11)=0,0,Inputs!$F$11*(1-Inputs!$G$11)*MAX(0,MIN(D$6,Inputs!$K$11)-MAX(D$5,Inputs!$J$11)+1)/(Inputs!$K$11-Inputs!$J$11+1)) | E11: =IF(Inputs!$F$11*Inputs!$G$11=0,0,Inputs!$F$11*Inputs!$G$11*MAX(0,MIN(E$6,Inputs!$I$11)-MAX(E$5,Inputs!$H$11)+1)/(Inputs!$I$11-Inputs!$H$11+1))+IF(Inputs!$F$11*(1-Inputs!$G$11)=0,0,Inputs!$F$11*(1-Inputs!$G$11)*MAX(0,MIN(E$6,Inputs!$K$11)-MAX(E$5,Inputs!$J$11)+1)/(Inputs!$K$11-Inputs!$J$11+1)) | F11: =IF(Inputs!$F$11*Inputs!$G$11=0,0,Inputs!$F$11*Inputs!$G$11*MAX(0,MIN(F$6,Inputs!$I$11)-MAX(F$5,Inputs!$H$11)+1)/(Inputs!$I$11-Inputs!$H$11+1))+IF(Inputs!$F$11*(1-Inputs!$G$11)=0,0,Inputs!$F$11*(1-Inputs!$G$11)*MAX(0,MIN(F$6,Inputs!$K$11)-MAX(F$5,Inputs!$J$11)+1)/(Inputs!$K$11-Inputs!$J$11+1)) | G11: =IF(Inputs!$F$11*Inputs!$G$11=0,0,Inputs!$F$11*Inputs!$G$11*MAX(0,MIN(G$6,Inputs!$I$11)-MAX(G$5,Inputs!$H$11)+1)/(Inputs!$I$11-Inputs!$H$11+1))+IF(Inputs!$F$11*(1-Inputs!$G$11)=0,0,Inputs!$F$11*(1-Inputs!$G$11)*MAX(0,MIN(G$6,Inputs!$K$11)-MAX(G$5,Inputs!$J$11)+1)/(Inputs!$K$11-Inputs!$J$11+1)) | H11: =IF(Inputs!$F$11*Inputs!$G$11=0,0,Inputs!$F$11*Inputs!$G$11*MAX(0,MIN(H$6,Inputs!$I$11)-MAX(H$5,Inputs!$H$11)+1)/(Inputs!$I$11-Inputs!$H$11+1))+IF(Inputs!$F$11*(1-Inputs!$G$11)=0,0,Inputs!$F$11*(1-Inputs!$G$11)*MAX(0,MIN(H$6,Inputs!$K$11)-MAX(H$5,Inputs!$J$11)+1)/(Inputs!$K$11-Inputs!$J$11+1)) | I11: =IF(Inputs!$F$11*Inputs!$G$11=0,0,Inputs!$F$11*Inputs!$G$11*MAX(0,MIN(I$6,Inputs!$I$11)-MAX(I$5,Inputs!$H$11)+1)/(Inputs!$I$11-Inputs!$H$11+1))+IF(Inputs!$F$11*(1-Inputs!$G$11)=0,0,Inputs!$F$11*(1-Inputs!$G$11)*MAX(0,MIN(I$6,Inputs!$K$11)-MAX(I$5,Inputs!$J$11)+1)/(Inputs!$K$11-Inputs!$J$11+1)) | J11: =IF(Inputs!$F$11*Inputs!$G$11=0,0,Inputs!$F$11*Inputs!$G$11*MAX(0,MIN(J$6,Inputs!$I$11)-MAX(J$5,Inputs!$H$11)+1)/(Inputs!$I$11-Inputs!$H$11+1))+IF(Inputs!$F$11*(1-Inputs!$G$11)=0,0,Inputs!$F$11*(1-Inputs!$G$11)*MAX(0,MIN(J$6,Inputs!$K$11)-MAX(J$5,Inputs!$J$11)+1)/(Inputs!$K$11-Inputs!$J$11+1)) | K11: =IF(Inputs!$F$11*Inputs!$G$11=0,0,Inputs!$F$11*Inputs!$G$11*MAX(0,MIN(K$6,Inputs!$I$11)-MAX(K$5,Inputs!$H$11)+1)/(Inputs!$I$11-Inputs!$H$11+1))+IF(Inputs!$F$11*(1-Inputs!$G$11)=0,0,Inputs!$F$11*(1-Inputs!$G$11)*MAX(0,MIN(K$6,Inputs!$K$11)-MAX(K$5,Inputs!$J$11)+1)/(Inputs!$K$11-Inputs!$J$11+1)) | ... Q11: =IF(Inputs!$F$11*Inputs!$G$11=0,0,Inputs!$F$11*Inputs!$G$11*MAX(0,MIN(Q$6,Inputs!$I$11)-MAX(Q$5,Inputs!$H$11)+1)/(Inputs!$I$11-Inputs!$H$11+1))+IF(Inputs!$F$11*(1-Inputs!$G$11)=0,0,Inputs!$F$11*(1-Inputs!$G$11)*MAX(0,MIN(Q$6,Inputs!$K$11)-MAX(Q$5,Inputs!$J$11)+1)/(Inputs!$K$11-Inputs!$J$11+1)) | R11: =SUM(D11:Q11) | S11: =R11-C11 | U11: =IF(Inputs!$F$11*Inputs!$G$11=0,0,Inputs!$F$11*Inputs!$G$11*MAX(0,MIN(U$6,Inputs!$I$11)-MAX(U$5,Inputs!$H$11)+1)/(Inputs!$I$11-Inputs!$H$11+1))+IF(Inputs!$F$11*(1-Inputs!$G$11)=0,0,Inputs!$F$11*(1-Inputs!$G$11)*MAX(0,MIN(U$6,Inputs!$K$11)-MAX(U$5,Inputs!$J$11)+1)/(Inputs!$K$11-Inputs!$J$11+1)) | V11: =IF(Inputs!$F$11*Inputs!$G$11=0,0,Inputs!$F$11*Inputs!$G$11*MAX(0,MIN(V$6,Inputs!$I$11)-MAX(V$5,Inputs!$H$11)+1)/(Inputs!$I$11-Inputs!$H$11+1))+IF(Inputs!$F$11*(1-Inputs!$G$11)=0,0,Inputs!$F$11*(1-Inputs!$G$11)*MAX(0,MIN(V$6,Inputs!$K$11)-MAX(V$5,Inputs!$J$11)+1)/(Inputs!$K$11-Inputs!$J$11+1)) | W11: =IF(Inputs!$F$11*Inputs!$G$11=0,0,Inputs!$F$11*Inputs!$G$11*MAX(0,MIN(W$6,Inputs!$I$11)-MAX(W$5,Inputs!$H$11)+1)/(Inputs!$I$11-Inputs!$H$11+1))+IF(Inputs!$F$11*(1-Inputs!$G$11)=0,0,Inputs!$F$11*(1-Inputs!$G$11)*MAX(0,MIN(W$6,Inputs!$K$11)-MAX(W$5,Inputs!$J$11)+1)/(Inputs!$K$11-Inputs!$J$11+1))
A12: =Inputs!A12 | B12: =Inputs!B12 | C12: =Inputs!F12 | D12: =IF(Inputs!$F$12*Inputs!$G$12=0,0,Inputs!$F$12*Inputs!$G$12*MAX(0,MIN(D$6,Inputs!$I$12)-MAX(D$5,Inputs!$H$12)+1)/(Inputs!$I$12-Inputs!$H$12+1))+IF(Inputs!$F$12*(1-Inputs!$G$12)=0,0,Inputs!$F$12*(1-Inputs!$G$12)*MAX(0,MIN(D$6,Inputs!$K$12)-MAX(D$5,Inputs!$J$12)+1)/(Inputs!$K$12-Inputs!$J$12+1)) | E12: =IF(Inputs!$F$12*Inputs!$G$12=0,0,Inputs!$F$12*Inputs!$G$12*MAX(0,MIN(E$6,Inputs!$I$12)-MAX(E$5,Inputs!$H$12)+1)/(Inputs!$I$12-Inputs!$H$12+1))+IF(Inputs!$F$12*(1-Inputs!$G$12)=0,0,Inputs!$F$12*(1-Inputs!$G$12)*MAX(0,MIN(E$6,Inputs!$K$12)-MAX(E$5,Inputs!$J$12)+1)/(Inputs!$K$12-Inputs!$J$12+1)) | F12: =IF(Inputs!$F$12*Inputs!$G$12=0,0,Inputs!$F$12*Inputs!$G$12*MAX(0,MIN(F$6,Inputs!$I$12)-MAX(F$5,Inputs!$H$12)+1)/(Inputs!$I$12-Inputs!$H$12+1))+IF(Inputs!$F$12*(1-Inputs!$G$12)=0,0,Inputs!$F$12*(1-Inputs!$G$12)*MAX(0,MIN(F$6,Inputs!$K$12)-MAX(F$5,Inputs!$J$12)+1)/(Inputs!$K$12-Inputs!$J$12+1)) | G12: =IF(Inputs!$F$12*Inputs!$G$12=0,0,Inputs!$F$12*Inputs!$G$12*MAX(0,MIN(G$6,Inputs!$I$12)-MAX(G$5,Inputs!$H$12)+1)/(Inputs!$I$12-Inputs!$H$12+1))+IF(Inputs!$F$12*(1-Inputs!$G$12)=0,0,Inputs!$F$12*(1-Inputs!$G$12)*MAX(0,MIN(G$6,Inputs!$K$12)-MAX(G$5,Inputs!$J$12)+1)/(Inputs!$K$12-Inputs!$J$12+1)) | H12: =IF(Inputs!$F$12*Inputs!$G$12=0,0,Inputs!$F$12*Inputs!$G$12*MAX(0,MIN(H$6,Inputs!$I$12)-MAX(H$5,Inputs!$H$12)+1)/(Inputs!$I$12-Inputs!$H$12+1))+IF(Inputs!$F$12*(1-Inputs!$G$12)=0,0,Inputs!$F$12*(1-Inputs!$G$12)*MAX(0,MIN(H$6,Inputs!$K$12)-MAX(H$5,Inputs!$J$12)+1)/(Inputs!$K$12-Inputs!$J$12+1)) | I12: =IF(Inputs!$F$12*Inputs!$G$12=0,0,Inputs!$F$12*Inputs!$G$12*MAX(0,MIN(I$6,Inputs!$I$12)-MAX(I$5,Inputs!$H$12)+1)/(Inputs!$I$12-Inputs!$H$12+1))+IF(Inputs!$F$12*(1-Inputs!$G$12)=0,0,Inputs!$F$12*(1-Inputs!$G$12)*MAX(0,MIN(I$6,Inputs!$K$12)-MAX(I$5,Inputs!$J$12)+1)/(Inputs!$K$12-Inputs!$J$12+1)) | J12: =IF(Inputs!$F$12*Inputs!$G$12=0,0,Inputs!$F$12*Inputs!$G$12*MAX(0,MIN(J$6,Inputs!$I$12)-MAX(J$5,Inputs!$H$12)+1)/(Inputs!$I$12-Inputs!$H$12+1))+IF(Inputs!$F$12*(1-Inputs!$G$12)=0,0,Inputs!$F$12*(1-Inputs!$G$12)*MAX(0,MIN(J$6,Inputs!$K$12)-MAX(J$5,Inputs!$J$12)+1)/(Inputs!$K$12-Inputs!$J$12+1)) | K12: =IF(Inputs!$F$12*Inputs!$G$12=0,0,Inputs!$F$12*Inputs!$G$12*MAX(0,MIN(K$6,Inputs!$I$12)-MAX(K$5,Inputs!$H$12)+1)/(Inputs!$I$12-Inputs!$H$12+1))+IF(Inputs!$F$12*(1-Inputs!$G$12)=0,0,Inputs!$F$12*(1-Inputs!$G$12)*MAX(0,MIN(K$6,Inputs!$K$12)-MAX(K$5,Inputs!$J$12)+1)/(Inputs!$K$12-Inputs!$J$12+1)) | ... Q12: =IF(Inputs!$F$12*Inputs!$G$12=0,0,Inputs!$F$12*Inputs!$G$12*MAX(0,MIN(Q$6,Inputs!$I$12)-MAX(Q$5,Inputs!$H$12)+1)/(Inputs!$I$12-Inputs!$H$12+1))+IF(Inputs!$F$12*(1-Inputs!$G$12)=0,0,Inputs!$F$12*(1-Inputs!$G$12)*MAX(0,MIN(Q$6,Inputs!$K$12)-MAX(Q$5,Inputs!$J$12)+1)/(Inputs!$K$12-Inputs!$J$12+1)) | R12: =SUM(D12:Q12) | S12: =R12-C12 | U12: =IF(Inputs!$F$12*Inputs!$G$12=0,0,Inputs!$F$12*Inputs!$G$12*MAX(0,MIN(U$6,Inputs!$I$12)-MAX(U$5,Inputs!$H$12)+1)/(Inputs!$I$12-Inputs!$H$12+1))+IF(Inputs!$F$12*(1-Inputs!$G$12)=0,0,Inputs!$F$12*(1-Inputs!$G$12)*MAX(0,MIN(U$6,Inputs!$K$12)-MAX(U$5,Inputs!$J$12)+1)/(Inputs!$K$12-Inputs!$J$12+1)) | V12: =IF(Inputs!$F$12*Inputs!$G$12=0,0,Inputs!$F$12*Inputs!$G$12*MAX(0,MIN(V$6,Inputs!$I$12)-MAX(V$5,Inputs!$H$12)+1)/(Inputs!$I$12-Inputs!$H$12+1))+IF(Inputs!$F$12*(1-Inputs!$G$12)=0,0,Inputs!$F$12*(1-Inputs!$G$12)*MAX(0,MIN(V$6,Inputs!$K$12)-MAX(V$5,Inputs!$J$12)+1)/(Inputs!$K$12-Inputs!$J$12+1)) | W12: =IF(Inputs!$F$12*Inputs!$G$12=0,0,Inputs!$F$12*Inputs!$G$12*MAX(0,MIN(W$6,Inputs!$I$12)-MAX(W$5,Inputs!$H$12)+1)/(Inputs!$I$12-Inputs!$H$12+1))+IF(Inputs!$F$12*(1-Inputs!$G$12)=0,0,Inputs!$F$12*(1-Inputs!$G$12)*MAX(0,MIN(W$6,Inputs!$K$12)-MAX(W$5,Inputs!$J$12)+1)/(Inputs!$K$12-Inputs!$J$12+1))
A13: =Inputs!A13 | B13: =Inputs!B13 | C13: =Inputs!F13 | D13: =IF(Inputs!$F$13*Inputs!$G$13=0,0,Inputs!$F$13*Inputs!$G$13*MAX(0,MIN(D$6,Inputs!$I$13)-MAX(D$5,Inputs!$H$13)+1)/(Inputs!$I$13-Inputs!$H$13+1))+IF(Inputs!$F$13*(1-Inputs!$G$13)=0,0,Inputs!$F$13*(1-Inputs!$G$13)*MAX(0,MIN(D$6,Inputs!$K$13)-MAX(D$5,Inputs!$J$13)+1)/(Inputs!$K$13-Inputs!$J$13+1)) | E13: =IF(Inputs!$F$13*Inputs!$G$13=0,0,Inputs!$F$13*Inputs!$G$13*MAX(0,MIN(E$6,Inputs!$I$13)-MAX(E$5,Inputs!$H$13)+1)/(Inputs!$I$13-Inputs!$H$13+1))+IF(Inputs!$F$13*(1-Inputs!$G$13)=0,0,Inputs!$F$13*(1-Inputs!$G$13)*MAX(0,MIN(E$6,Inputs!$K$13)-MAX(E$5,Inputs!$J$13)+1)/(Inputs!$K$13-Inputs!$J$13+1)) | F13: =IF(Inputs!$F$13*Inputs!$G$13=0,0,Inputs!$F$13*Inputs!$G$13*MAX(0,MIN(F$6,Inputs!$I$13)-MAX(F$5,Inputs!$H$13)+1)/(Inputs!$I$13-Inputs!$H$13+1))+IF(Inputs!$F$13*(1-Inputs!$G$13)=0,0,Inputs!$F$13*(1-Inputs!$G$13)*MAX(0,MIN(F$6,Inputs!$K$13)-MAX(F$5,Inputs!$J$13)+1)/(Inputs!$K$13-Inputs!$J$13+1)) | G13: =IF(Inputs!$F$13*Inputs!$G$13=0,0,Inputs!$F$13*Inputs!$G$13*MAX(0,MIN(G$6,Inputs!$I$13)-MAX(G$5,Inputs!$H$13)+1)/(Inputs!$I$13-Inputs!$H$13+1))+IF(Inputs!$F$13*(1-Inputs!$G$13)=0,0,Inputs!$F$13*(1-Inputs!$G$13)*MAX(0,MIN(G$6,Inputs!$K$13)-MAX(G$5,Inputs!$J$13)+1)/(Inputs!$K$13-Inputs!$J$13+1)) | H13: =IF(Inputs!$F$13*Inputs!$G$13=0,0,Inputs!$F$13*Inputs!$G$13*MAX(0,MIN(H$6,Inputs!$I$13)-MAX(H$5,Inputs!$H$13)+1)/(Inputs!$I$13-Inputs!$H$13+1))+IF(Inputs!$F$13*(1-Inputs!$G$13)=0,0,Inputs!$F$13*(1-Inputs!$G$13)*MAX(0,MIN(H$6,Inputs!$K$13)-MAX(H$5,Inputs!$J$13)+1)/(Inputs!$K$13-Inputs!$J$13+1)) | I13: =IF(Inputs!$F$13*Inputs!$G$13=0,0,Inputs!$F$13*Inputs!$G$13*MAX(0,MIN(I$6,Inputs!$I$13)-MAX(I$5,Inputs!$H$13)+1)/(Inputs!$I$13-Inputs!$H$13+1))+IF(Inputs!$F$13*(1-Inputs!$G$13)=0,0,Inputs!$F$13*(1-Inputs!$G$13)*MAX(0,MIN(I$6,Inputs!$K$13)-MAX(I$5,Inputs!$J$13)+1)/(Inputs!$K$13-Inputs!$J$13+1)) | J13: =IF(Inputs!$F$13*Inputs!$G$13=0,0,Inputs!$F$13*Inputs!$G$13*MAX(0,MIN(J$6,Inputs!$I$13)-MAX(J$5,Inputs!$H$13)+1)/(Inputs!$I$13-Inputs!$H$13+1))+IF(Inputs!$F$13*(1-Inputs!$G$13)=0,0,Inputs!$F$13*(1-Inputs!$G$13)*MAX(0,MIN(J$6,Inputs!$K$13)-MAX(J$5,Inputs!$J$13)+1)/(Inputs!$K$13-Inputs!$J$13+1)) | K13: =IF(Inputs!$F$13*Inputs!$G$13=0,0,Inputs!$F$13*Inputs!$G$13*MAX(0,MIN(K$6,Inputs!$I$13)-MAX(K$5,Inputs!$H$13)+1)/(Inputs!$I$13-Inputs!$H$13+1))+IF(Inputs!$F$13*(1-Inputs!$G$13)=0,0,Inputs!$F$13*(1-Inputs!$G$13)*MAX(0,MIN(K$6,Inputs!$K$13)-MAX(K$5,Inputs!$J$13)+1)/(Inputs!$K$13-Inputs!$J$13+1)) | ... Q13: =IF(Inputs!$F$13*Inputs!$G$13=0,0,Inputs!$F$13*Inputs!$G$13*MAX(0,MIN(Q$6,Inputs!$I$13)-MAX(Q$5,Inputs!$H$13)+1)/(Inputs!$I$13-Inputs!$H$13+1))+IF(Inputs!$F$13*(1-Inputs!$G$13)=0,0,Inputs!$F$13*(1-Inputs!$G$13)*MAX(0,MIN(Q$6,Inputs!$K$13)-MAX(Q$5,Inputs!$J$13)+1)/(Inputs!$K$13-Inputs!$J$13+1)) | R13: =SUM(D13:Q13) | S13: =R13-C13 | U13: =IF(Inputs!$F$13*Inputs!$G$13=0,0,Inputs!$F$13*Inputs!$G$13*MAX(0,MIN(U$6,Inputs!$I$13)-MAX(U$5,Inputs!$H$13)+1)/(Inputs!$I$13-Inputs!$H$13+1))+IF(Inputs!$F$13*(1-Inputs!$G$13)=0,0,Inputs!$F$13*(1-Inputs!$G$13)*MAX(0,MIN(U$6,Inputs!$K$13)-MAX(U$5,Inputs!$J$13)+1)/(Inputs!$K$13-Inputs!$J$13+1)) | V13: =IF(Inputs!$F$13*Inputs!$G$13=0,0,Inputs!$F$13*Inputs!$G$13*MAX(0,MIN(V$6,Inputs!$I$13)-MAX(V$5,Inputs!$H$13)+1)/(Inputs!$I$13-Inputs!$H$13+1))+IF(Inputs!$F$13*(1-Inputs!$G$13)=0,0,Inputs!$F$13*(1-Inputs!$G$13)*MAX(0,MIN(V$6,Inputs!$K$13)-MAX(V$5,Inputs!$J$13)+1)/(Inputs!$K$13-Inputs!$J$13+1)) | W13: =IF(Inputs!$F$13*Inputs!$G$13=0,0,Inputs!$F$13*Inputs!$G$13*MAX(0,MIN(W$6,Inputs!$I$13)-MAX(W$5,Inputs!$H$13)+1)/(Inputs!$I$13-Inputs!$H$13+1))+IF(Inputs!$F$13*(1-Inputs!$G$13)=0,0,Inputs!$F$13*(1-Inputs!$G$13)*MAX(0,MIN(W$6,Inputs!$K$13)-MAX(W$5,Inputs!$J$13)+1)/(Inputs!$K$13-Inputs!$J$13+1))
A14: =Inputs!A14 | B14: =Inputs!B14 | C14: =Inputs!F14 | D14: =IF(Inputs!$F$14*Inputs!$G$14=0,0,Inputs!$F$14*Inputs!$G$14*MAX(0,MIN(D$6,Inputs!$I$14)-MAX(D$5,Inputs!$H$14)+1)/(Inputs!$I$14-Inputs!$H$14+1))+IF(Inputs!$F$14*(1-Inputs!$G$14)=0,0,Inputs!$F$14*(1-Inputs!$G$14)*MAX(0,MIN(D$6,Inputs!$K$14)-MAX(D$5,Inputs!$J$14)+1)/(Inputs!$K$14-Inputs!$J$14+1)) | E14: =IF(Inputs!$F$14*Inputs!$G$14=0,0,Inputs!$F$14*Inputs!$G$14*MAX(0,MIN(E$6,Inputs!$I$14)-MAX(E$5,Inputs!$H$14)+1)/(Inputs!$I$14-Inputs!$H$14+1))+IF(Inputs!$F$14*(1-Inputs!$G$14)=0,0,Inputs!$F$14*(1-Inputs!$G$14)*MAX(0,MIN(E$6,Inputs!$K$14)-MAX(E$5,Inputs!$J$14)+1)/(Inputs!$K$14-Inputs!$J$14+1)) | F14: =IF(Inputs!$F$14*Inputs!$G$14=0,0,Inputs!$F$14*Inputs!$G$14*MAX(0,MIN(F$6,Inputs!$I$14)-MAX(F$5,Inputs!$H$14)+1)/(Inputs!$I$14-Inputs!$H$14+1))+IF(Inputs!$F$14*(1-Inputs!$G$14)=0,0,Inputs!$F$14*(1-Inputs!$G$14)*MAX(0,MIN(F$6,Inputs!$K$14)-MAX(F$5,Inputs!$J$14)+1)/(Inputs!$K$14-Inputs!$J$14+1)) | G14: =IF(Inputs!$F$14*Inputs!$G$14=0,0,Inputs!$F$14*Inputs!$G$14*MAX(0,MIN(G$6,Inputs!$I$14)-MAX(G$5,Inputs!$H$14)+1)/(Inputs!$I$14-Inputs!$H$14+1))+IF(Inputs!$F$14*(1-Inputs!$G$14)=0,0,Inputs!$F$14*(1-Inputs!$G$14)*MAX(0,MIN(G$6,Inputs!$K$14)-MAX(G$5,Inputs!$J$14)+1)/(Inputs!$K$14-Inputs!$J$14+1)) | H14: =IF(Inputs!$F$14*Inputs!$G$14=0,0,Inputs!$F$14*Inputs!$G$14*MAX(0,MIN(H$6,Inputs!$I$14)-MAX(H$5,Inputs!$H$14)+1)/(Inputs!$I$14-Inputs!$H$14+1))+IF(Inputs!$F$14*(1-Inputs!$G$14)=0,0,Inputs!$F$14*(1-Inputs!$G$14)*MAX(0,MIN(H$6,Inputs!$K$14)-MAX(H$5,Inputs!$J$14)+1)/(Inputs!$K$14-Inputs!$J$14+1)) | I14: =IF(Inputs!$F$14*Inputs!$G$14=0,0,Inputs!$F$14*Inputs!$G$14*MAX(0,MIN(I$6,Inputs!$I$14)-MAX(I$5,Inputs!$H$14)+1)/(Inputs!$I$14-Inputs!$H$14+1))+IF(Inputs!$F$14*(1-Inputs!$G$14)=0,0,Inputs!$F$14*(1-Inputs!$G$14)*MAX(0,MIN(I$6,Inputs!$K$14)-MAX(I$5,Inputs!$J$14)+1)/(Inputs!$K$14-Inputs!$J$14+1)) | J14: =IF(Inputs!$F$14*Inputs!$G$14=0,0,Inputs!$F$14*Inputs!$G$14*MAX(0,MIN(J$6,Inputs!$I$14)-MAX(J$5,Inputs!$H$14)+1)/(Inputs!$I$14-Inputs!$H$14+1))+IF(Inputs!$F$14*(1-Inputs!$G$14)=0,0,Inputs!$F$14*(1-Inputs!$G$14)*MAX(0,MIN(J$6,Inputs!$K$14)-MAX(J$5,Inputs!$J$14)+1)/(Inputs!$K$14-Inputs!$J$14+1)) | K14: =IF(Inputs!$F$14*Inputs!$G$14=0,0,Inputs!$F$14*Inputs!$G$14*MAX(0,MIN(K$6,Inputs!$I$14)-MAX(K$5,Inputs!$H$14)+1)/(Inputs!$I$14-Inputs!$H$14+1))+IF(Inputs!$F$14*(1-Inputs!$G$14)=0,0,Inputs!$F$14*(1-Inputs!$G$14)*MAX(0,MIN(K$6,Inputs!$K$14)-MAX(K$5,Inputs!$J$14)+1)/(Inputs!$K$14-Inputs!$J$14+1)) | ... Q14: =IF(Inputs!$F$14*Inputs!$G$14=0,0,Inputs!$F$14*Inputs!$G$14*MAX(0,MIN(Q$6,Inputs!$I$14)-MAX(Q$5,Inputs!$H$14)+1)/(Inputs!$I$14-Inputs!$H$14+1))+IF(Inputs!$F$14*(1-Inputs!$G$14)=0,0,Inputs!$F$14*(1-Inputs!$G$14)*MAX(0,MIN(Q$6,Inputs!$K$14)-MAX(Q$5,Inputs!$J$14)+1)/(Inputs!$K$14-Inputs!$J$14+1)) | R14: =SUM(D14:Q14) | S14: =R14-C14 | U14: =IF(Inputs!$F$14*Inputs!$G$14=0,0,Inputs!$F$14*Inputs!$G$14*MAX(0,MIN(U$6,Inputs!$I$14)-MAX(U$5,Inputs!$H$14)+1)/(Inputs!$I$14-Inputs!$H$14+1))+IF(Inputs!$F$14*(1-Inputs!$G$14)=0,0,Inputs!$F$14*(1-Inputs!$G$14)*MAX(0,MIN(U$6,Inputs!$K$14)-MAX(U$5,Inputs!$J$14)+1)/(Inputs!$K$14-Inputs!$J$14+1)) | V14: =IF(Inputs!$F$14*Inputs!$G$14=0,0,Inputs!$F$14*Inputs!$G$14*MAX(0,MIN(V$6,Inputs!$I$14)-MAX(V$5,Inputs!$H$14)+1)/(Inputs!$I$14-Inputs!$H$14+1))+IF(Inputs!$F$14*(1-Inputs!$G$14)=0,0,Inputs!$F$14*(1-Inputs!$G$14)*MAX(0,MIN(V$6,Inputs!$K$14)-MAX(V$5,Inputs!$J$14)+1)/(Inputs!$K$14-Inputs!$J$14+1)) | W14: =IF(Inputs!$F$14*Inputs!$G$14=0,0,Inputs!$F$14*Inputs!$G$14*MAX(0,MIN(W$6,Inputs!$I$14)-MAX(W$5,Inputs!$H$14)+1)/(Inputs!$I$14-Inputs!$H$14+1))+IF(Inputs!$F$14*(1-Inputs!$G$14)=0,0,Inputs!$F$14*(1-Inputs!$G$14)*MAX(0,MIN(W$6,Inputs!$K$14)-MAX(W$5,Inputs!$J$14)+1)/(Inputs!$K$14-Inputs!$J$14+1))
A15: =Inputs!A15 | B15: =Inputs!B15 | C15: =Inputs!F15 | D15: =IF(Inputs!$F$15*Inputs!$G$15=0,0,Inputs!$F$15*Inputs!$G$15*MAX(0,MIN(D$6,Inputs!$I$15)-MAX(D$5,Inputs!$H$15)+1)/(Inputs!$I$15-Inputs!$H$15+1))+IF(Inputs!$F$15*(1-Inputs!$G$15)=0,0,Inputs!$F$15*(1-Inputs!$G$15)*MAX(0,MIN(D$6,Inputs!$K$15)-MAX(D$5,Inputs!$J$15)+1)/(Inputs!$K$15-Inputs!$J$15+1)) | E15: =IF(Inputs!$F$15*Inputs!$G$15=0,0,Inputs!$F$15*Inputs!$G$15*MAX(0,MIN(E$6,Inputs!$I$15)-MAX(E$5,Inputs!$H$15)+1)/(Inputs!$I$15-Inputs!$H$15+1))+IF(Inputs!$F$15*(1-Inputs!$G$15)=0,0,Inputs!$F$15*(1-Inputs!$G$15)*MAX(0,MIN(E$6,Inputs!$K$15)-MAX(E$5,Inputs!$J$15)+1)/(Inputs!$K$15-Inputs!$J$15+1)) | F15: =IF(Inputs!$F$15*Inputs!$G$15=0,0,Inputs!$F$15*Inputs!$G$15*MAX(0,MIN(F$6,Inputs!$I$15)-MAX(F$5,Inputs!$H$15)+1)/(Inputs!$I$15-Inputs!$H$15+1))+IF(Inputs!$F$15*(1-Inputs!$G$15)=0,0,Inputs!$F$15*(1-Inputs!$G$15)*MAX(0,MIN(F$6,Inputs!$K$15)-MAX(F$5,Inputs!$J$15)+1)/(Inputs!$K$15-Inputs!$J$15+1)) | G15: =IF(Inputs!$F$15*Inputs!$G$15=0,0,Inputs!$F$15*Inputs!$G$15*MAX(0,MIN(G$6,Inputs!$I$15)-MAX(G$5,Inputs!$H$15)+1)/(Inputs!$I$15-Inputs!$H$15+1))+IF(Inputs!$F$15*(1-Inputs!$G$15)=0,0,Inputs!$F$15*(1-Inputs!$G$15)*MAX(0,MIN(G$6,Inputs!$K$15)-MAX(G$5,Inputs!$J$15)+1)/(Inputs!$K$15-Inputs!$J$15+1)) | H15: =IF(Inputs!$F$15*Inputs!$G$15=0,0,Inputs!$F$15*Inputs!$G$15*MAX(0,MIN(H$6,Inputs!$I$15)-MAX(H$5,Inputs!$H$15)+1)/(Inputs!$I$15-Inputs!$H$15+1))+IF(Inputs!$F$15*(1-Inputs!$G$15)=0,0,Inputs!$F$15*(1-Inputs!$G$15)*MAX(0,MIN(H$6,Inputs!$K$15)-MAX(H$5,Inputs!$J$15)+1)/(Inputs!$K$15-Inputs!$J$15+1)) | I15: =IF(Inputs!$F$15*Inputs!$G$15=0,0,Inputs!$F$15*Inputs!$G$15*MAX(0,MIN(I$6,Inputs!$I$15)-MAX(I$5,Inputs!$H$15)+1)/(Inputs!$I$15-Inputs!$H$15+1))+IF(Inputs!$F$15*(1-Inputs!$G$15)=0,0,Inputs!$F$15*(1-Inputs!$G$15)*MAX(0,MIN(I$6,Inputs!$K$15)-MAX(I$5,Inputs!$J$15)+1)/(Inputs!$K$15-Inputs!$J$15+1)) | J15: =IF(Inputs!$F$15*Inputs!$G$15=0,0,Inputs!$F$15*Inputs!$G$15*MAX(0,MIN(J$6,Inputs!$I$15)-MAX(J$5,Inputs!$H$15)+1)/(Inputs!$I$15-Inputs!$H$15+1))+IF(Inputs!$F$15*(1-Inputs!$G$15)=0,0,Inputs!$F$15*(1-Inputs!$G$15)*MAX(0,MIN(J$6,Inputs!$K$15)-MAX(J$5,Inputs!$J$15)+1)/(Inputs!$K$15-Inputs!$J$15+1)) | K15: =IF(Inputs!$F$15*Inputs!$G$15=0,0,Inputs!$F$15*Inputs!$G$15*MAX(0,MIN(K$6,Inputs!$I$15)-MAX(K$5,Inputs!$H$15)+1)/(Inputs!$I$15-Inputs!$H$15+1))+IF(Inputs!$F$15*(1-Inputs!$G$15)=0,0,Inputs!$F$15*(1-Inputs!$G$15)*MAX(0,MIN(K$6,Inputs!$K$15)-MAX(K$5,Inputs!$J$15)+1)/(Inputs!$K$15-Inputs!$J$15+1)) | ... Q15: =IF(Inputs!$F$15*Inputs!$G$15=0,0,Inputs!$F$15*Inputs!$G$15*MAX(0,MIN(Q$6,Inputs!$I$15)-MAX(Q$5,Inputs!$H$15)+1)/(Inputs!$I$15-Inputs!$H$15+1))+IF(Inputs!$F$15*(1-Inputs!$G$15)=0,0,Inputs!$F$15*(1-Inputs!$G$15)*MAX(0,MIN(Q$6,Inputs!$K$15)-MAX(Q$5,Inputs!$J$15)+1)/(Inputs!$K$15-Inputs!$J$15+1)) | R15: =SUM(D15:Q15) | S15: =R15-C15 | U15: =IF(Inputs!$F$15*Inputs!$G$15=0,0,Inputs!$F$15*Inputs!$G$15*MAX(0,MIN(U$6,Inputs!$I$15)-MAX(U$5,Inputs!$H$15)+1)/(Inputs!$I$15-Inputs!$H$15+1))+IF(Inputs!$F$15*(1-Inputs!$G$15)=0,0,Inputs!$F$15*(1-Inputs!$G$15)*MAX(0,MIN(U$6,Inputs!$K$15)-MAX(U$5,Inputs!$J$15)+1)/(Inputs!$K$15-Inputs!$J$15+1)) | V15: =IF(Inputs!$F$15*Inputs!$G$15=0,0,Inputs!$F$15*Inputs!$G$15*MAX(0,MIN(V$6,Inputs!$I$15)-MAX(V$5,Inputs!$H$15)+1)/(Inputs!$I$15-Inputs!$H$15+1))+IF(Inputs!$F$15*(1-Inputs!$G$15)=0,0,Inputs!$F$15*(1-Inputs!$G$15)*MAX(0,MIN(V$6,Inputs!$K$15)-MAX(V$5,Inputs!$J$15)+1)/(Inputs!$K$15-Inputs!$J$15+1)) | W15: =IF(Inputs!$F$15*Inputs!$G$15=0,0,Inputs!$F$15*Inputs!$G$15*MAX(0,MIN(W$6,Inputs!$I$15)-MAX(W$5,Inputs!$H$15)+1)/(Inputs!$I$15-Inputs!$H$15+1))+IF(Inputs!$F$15*(1-Inputs!$G$15)=0,0,Inputs!$F$15*(1-Inputs!$G$15)*MAX(0,MIN(W$6,Inputs!$K$15)-MAX(W$5,Inputs!$J$15)+1)/(Inputs!$K$15-Inputs!$J$15+1))
A16: =Inputs!A16 | B16: =Inputs!B16 | C16: =Inputs!F16 | D16: =IF(Inputs!$F$16*Inputs!$G$16=0,0,Inputs!$F$16*Inputs!$G$16*MAX(0,MIN(D$6,Inputs!$I$16)-MAX(D$5,Inputs!$H$16)+1)/(Inputs!$I$16-Inputs!$H$16+1))+IF(Inputs!$F$16*(1-Inputs!$G$16)=0,0,Inputs!$F$16*(1-Inputs!$G$16)*MAX(0,MIN(D$6,Inputs!$K$16)-MAX(D$5,Inputs!$J$16)+1)/(Inputs!$K$16-Inputs!$J$16+1)) | E16: =IF(Inputs!$F$16*Inputs!$G$16=0,0,Inputs!$F$16*Inputs!$G$16*MAX(0,MIN(E$6,Inputs!$I$16)-MAX(E$5,Inputs!$H$16)+1)/(Inputs!$I$16-Inputs!$H$16+1))+IF(Inputs!$F$16*(1-Inputs!$G$16)=0,0,Inputs!$F$16*(1-Inputs!$G$16)*MAX(0,MIN(E$6,Inputs!$K$16)-MAX(E$5,Inputs!$J$16)+1)/(Inputs!$K$16-Inputs!$J$16+1)) | F16: =IF(Inputs!$F$16*Inputs!$G$16=0,0,Inputs!$F$16*Inputs!$G$16*MAX(0,MIN(F$6,Inputs!$I$16)-MAX(F$5,Inputs!$H$16)+1)/(Inputs!$I$16-Inputs!$H$16+1))+IF(Inputs!$F$16*(1-Inputs!$G$16)=0,0,Inputs!$F$16*(1-Inputs!$G$16)*MAX(0,MIN(F$6,Inputs!$K$16)-MAX(F$5,Inputs!$J$16)+1)/(Inputs!$K$16-Inputs!$J$16+1)) | G16: =IF(Inputs!$F$16*Inputs!$G$16=0,0,Inputs!$F$16*Inputs!$G$16*MAX(0,MIN(G$6,Inputs!$I$16)-MAX(G$5,Inputs!$H$16)+1)/(Inputs!$I$16-Inputs!$H$16+1))+IF(Inputs!$F$16*(1-Inputs!$G$16)=0,0,Inputs!$F$16*(1-Inputs!$G$16)*MAX(0,MIN(G$6,Inputs!$K$16)-MAX(G$5,Inputs!$J$16)+1)/(Inputs!$K$16-Inputs!$J$16+1)) | H16: =IF(Inputs!$F$16*Inputs!$G$16=0,0,Inputs!$F$16*Inputs!$G$16*MAX(0,MIN(H$6,Inputs!$I$16)-MAX(H$5,Inputs!$H$16)+1)/(Inputs!$I$16-Inputs!$H$16+1))+IF(Inputs!$F$16*(1-Inputs!$G$16)=0,0,Inputs!$F$16*(1-Inputs!$G$16)*MAX(0,MIN(H$6,Inputs!$K$16)-MAX(H$5,Inputs!$J$16)+1)/(Inputs!$K$16-Inputs!$J$16+1)) | I16: =IF(Inputs!$F$16*Inputs!$G$16=0,0,Inputs!$F$16*Inputs!$G$16*MAX(0,MIN(I$6,Inputs!$I$16)-MAX(I$5,Inputs!$H$16)+1)/(Inputs!$I$16-Inputs!$H$16+1))+IF(Inputs!$F$16*(1-Inputs!$G$16)=0,0,Inputs!$F$16*(1-Inputs!$G$16)*MAX(0,MIN(I$6,Inputs!$K$16)-MAX(I$5,Inputs!$J$16)+1)/(Inputs!$K$16-Inputs!$J$16+1)) | J16: =IF(Inputs!$F$16*Inputs!$G$16=0,0,Inputs!$F$16*Inputs!$G$16*MAX(0,MIN(J$6,Inputs!$I$16)-MAX(J$5,Inputs!$H$16)+1)/(Inputs!$I$16-Inputs!$H$16+1))+IF(Inputs!$F$16*(1-Inputs!$G$16)=0,0,Inputs!$F$16*(1-Inputs!$G$16)*MAX(0,MIN(J$6,Inputs!$K$16)-MAX(J$5,Inputs!$J$16)+1)/(Inputs!$K$16-Inputs!$J$16+1)) | K16: =IF(Inputs!$F$16*Inputs!$G$16=0,0,Inputs!$F$16*Inputs!$G$16*MAX(0,MIN(K$6,Inputs!$I$16)-MAX(K$5,Inputs!$H$16)+1)/(Inputs!$I$16-Inputs!$H$16+1))+IF(Inputs!$F$16*(1-Inputs!$G$16)=0,0,Inputs!$F$16*(1-Inputs!$G$16)*MAX(0,MIN(K$6,Inputs!$K$16)-MAX(K$5,Inputs!$J$16)+1)/(Inputs!$K$16-Inputs!$J$16+1)) | ... Q16: =IF(Inputs!$F$16*Inputs!$G$16=0,0,Inputs!$F$16*Inputs!$G$16*MAX(0,MIN(Q$6,Inputs!$I$16)-MAX(Q$5,Inputs!$H$16)+1)/(Inputs!$I$16-Inputs!$H$16+1))+IF(Inputs!$F$16*(1-Inputs!$G$16)=0,0,Inputs!$F$16*(1-Inputs!$G$16)*MAX(0,MIN(Q$6,Inputs!$K$16)-MAX(Q$5,Inputs!$J$16)+1)/(Inputs!$K$16-Inputs!$J$16+1)) | R16: =SUM(D16:Q16) | S16: =R16-C16 | U16: =IF(Inputs!$F$16*Inputs!$G$16=0,0,Inputs!$F$16*Inputs!$G$16*MAX(0,MIN(U$6,Inputs!$I$16)-MAX(U$5,Inputs!$H$16)+1)/(Inputs!$I$16-Inputs!$H$16+1))+IF(Inputs!$F$16*(1-Inputs!$G$16)=0,0,Inputs!$F$16*(1-Inputs!$G$16)*MAX(0,MIN(U$6,Inputs!$K$16)-MAX(U$5,Inputs!$J$16)+1)/(Inputs!$K$16-Inputs!$J$16+1)) | V16: =IF(Inputs!$F$16*Inputs!$G$16=0,0,Inputs!$F$16*Inputs!$G$16*MAX(0,MIN(V$6,Inputs!$I$16)-MAX(V$5,Inputs!$H$16)+1)/(Inputs!$I$16-Inputs!$H$16+1))+IF(Inputs!$F$16*(1-Inputs!$G$16)=0,0,Inputs!$F$16*(1-Inputs!$G$16)*MAX(0,MIN(V$6,Inputs!$K$16)-MAX(V$5,Inputs!$J$16)+1)/(Inputs!$K$16-Inputs!$J$16+1)) | W16: =IF(Inputs!$F$16*Inputs!$G$16=0,0,Inputs!$F$16*Inputs!$G$16*MAX(0,MIN(W$6,Inputs!$I$16)-MAX(W$5,Inputs!$H$16)+1)/(Inputs!$I$16-Inputs!$H$16+1))+IF(Inputs!$F$16*(1-Inputs!$G$16)=0,0,Inputs!$F$16*(1-Inputs!$G$16)*MAX(0,MIN(W$6,Inputs!$K$16)-MAX(W$5,Inputs!$J$16)+1)/(Inputs!$K$16-Inputs!$J$16+1))
A17: =Inputs!A17 | B17: =Inputs!B17 | C17: =Inputs!F17 | D17: =IF(Inputs!$F$17*Inputs!$G$17=0,0,Inputs!$F$17*Inputs!$G$17*MAX(0,MIN(D$6,Inputs!$I$17)-MAX(D$5,Inputs!$H$17)+1)/(Inputs!$I$17-Inputs!$H$17+1))+IF(Inputs!$F$17*(1-Inputs!$G$17)=0,0,Inputs!$F$17*(1-Inputs!$G$17)*MAX(0,MIN(D$6,Inputs!$K$17)-MAX(D$5,Inputs!$J$17)+1)/(Inputs!$K$17-Inputs!$J$17+1)) | E17: =IF(Inputs!$F$17*Inputs!$G$17=0,0,Inputs!$F$17*Inputs!$G$17*MAX(0,MIN(E$6,Inputs!$I$17)-MAX(E$5,Inputs!$H$17)+1)/(Inputs!$I$17-Inputs!$H$17+1))+IF(Inputs!$F$17*(1-Inputs!$G$17)=0,0,Inputs!$F$17*(1-Inputs!$G$17)*MAX(0,MIN(E$6,Inputs!$K$17)-MAX(E$5,Inputs!$J$17)+1)/(Inputs!$K$17-Inputs!$J$17+1)) | F17: =IF(Inputs!$F$17*Inputs!$G$17=0,0,Inputs!$F$17*Inputs!$G$17*MAX(0,MIN(F$6,Inputs!$I$17)-MAX(F$5,Inputs!$H$17)+1)/(Inputs!$I$17-Inputs!$H$17+1))+IF(Inputs!$F$17*(1-Inputs!$G$17)=0,0,Inputs!$F$17*(1-Inputs!$G$17)*MAX(0,MIN(F$6,Inputs!$K$17)-MAX(F$5,Inputs!$J$17)+1)/(Inputs!$K$17-Inputs!$J$17+1)) | G17: =IF(Inputs!$F$17*Inputs!$G$17=0,0,Inputs!$F$17*Inputs!$G$17*MAX(0,MIN(G$6,Inputs!$I$17)-MAX(G$5,Inputs!$H$17)+1)/(Inputs!$I$17-Inputs!$H$17+1))+IF(Inputs!$F$17*(1-Inputs!$G$17)=0,0,Inputs!$F$17*(1-Inputs!$G$17)*MAX(0,MIN(G$6,Inputs!$K$17)-MAX(G$5,Inputs!$J$17)+1)/(Inputs!$K$17-Inputs!$J$17+1)) | H17: =IF(Inputs!$F$17*Inputs!$G$17=0,0,Inputs!$F$17*Inputs!$G$17*MAX(0,MIN(H$6,Inputs!$I$17)-MAX(H$5,Inputs!$H$17)+1)/(Inputs!$I$17-Inputs!$H$17+1))+IF(Inputs!$F$17*(1-Inputs!$G$17)=0,0,Inputs!$F$17*(1-Inputs!$G$17)*MAX(0,MIN(H$6,Inputs!$K$17)-MAX(H$5,Inputs!$J$17)+1)/(Inputs!$K$17-Inputs!$J$17+1)) | I17: =IF(Inputs!$F$17*Inputs!$G$17=0,0,Inputs!$F$17*Inputs!$G$17*MAX(0,MIN(I$6,Inputs!$I$17)-MAX(I$5,Inputs!$H$17)+1)/(Inputs!$I$17-Inputs!$H$17+1))+IF(Inputs!$F$17*(1-Inputs!$G$17)=0,0,Inputs!$F$17*(1-Inputs!$G$17)*MAX(0,MIN(I$6,Inputs!$K$17)-MAX(I$5,Inputs!$J$17)+1)/(Inputs!$K$17-Inputs!$J$17+1)) | J17: =IF(Inputs!$F$17*Inputs!$G$17=0,0,Inputs!$F$17*Inputs!$G$17*MAX(0,MIN(J$6,Inputs!$I$17)-MAX(J$5,Inputs!$H$17)+1)/(Inputs!$I$17-Inputs!$H$17+1))+IF(Inputs!$F$17*(1-Inputs!$G$17)=0,0,Inputs!$F$17*(1-Inputs!$G$17)*MAX(0,MIN(J$6,Inputs!$K$17)-MAX(J$5,Inputs!$J$17)+1)/(Inputs!$K$17-Inputs!$J$17+1)) | K17: =IF(Inputs!$F$17*Inputs!$G$17=0,0,Inputs!$F$17*Inputs!$G$17*MAX(0,MIN(K$6,Inputs!$I$17)-MAX(K$5,Inputs!$H$17)+1)/(Inputs!$I$17-Inputs!$H$17+1))+IF(Inputs!$F$17*(1-Inputs!$G$17)=0,0,Inputs!$F$17*(1-Inputs!$G$17)*MAX(0,MIN(K$6,Inputs!$K$17)-MAX(K$5,Inputs!$J$17)+1)/(Inputs!$K$17-Inputs!$J$17+1)) | ... Q17: =IF(Inputs!$F$17*Inputs!$G$17=0,0,Inputs!$F$17*Inputs!$G$17*MAX(0,MIN(Q$6,Inputs!$I$17)-MAX(Q$5,Inputs!$H$17)+1)/(Inputs!$I$17-Inputs!$H$17+1))+IF(Inputs!$F$17*(1-Inputs!$G$17)=0,0,Inputs!$F$17*(1-Inputs!$G$17)*MAX(0,MIN(Q$6,Inputs!$K$17)-MAX(Q$5,Inputs!$J$17)+1)/(Inputs!$K$17-Inputs!$J$17+1)) | R17: =SUM(D17:Q17) | S17: =R17-C17 | U17: =IF(Inputs!$F$17*Inputs!$G$17=0,0,Inputs!$F$17*Inputs!$G$17*MAX(0,MIN(U$6,Inputs!$I$17)-MAX(U$5,Inputs!$H$17)+1)/(Inputs!$I$17-Inputs!$H$17+1))+IF(Inputs!$F$17*(1-Inputs!$G$17)=0,0,Inputs!$F$17*(1-Inputs!$G$17)*MAX(0,MIN(U$6,Inputs!$K$17)-MAX(U$5,Inputs!$J$17)+1)/(Inputs!$K$17-Inputs!$J$17+1)) | V17: =IF(Inputs!$F$17*Inputs!$G$17=0,0,Inputs!$F$17*Inputs!$G$17*MAX(0,MIN(V$6,Inputs!$I$17)-MAX(V$5,Inputs!$H$17)+1)/(Inputs!$I$17-Inputs!$H$17+1))+IF(Inputs!$F$17*(1-Inputs!$G$17)=0,0,Inputs!$F$17*(1-Inputs!$G$17)*MAX(0,MIN(V$6,Inputs!$K$17)-MAX(V$5,Inputs!$J$17)+1)/(Inputs!$K$17-Inputs!$J$17+1)) | W17: =IF(Inputs!$F$17*Inputs!$G$17=0,0,Inputs!$F$17*Inputs!$G$17*MAX(0,MIN(W$6,Inputs!$I$17)-MAX(W$5,Inputs!$H$17)+1)/(Inputs!$I$17-Inputs!$H$17+1))+IF(Inputs!$F$17*(1-Inputs!$G$17)=0,0,Inputs!$F$17*(1-Inputs!$G$17)*MAX(0,MIN(W$6,Inputs!$K$17)-MAX(W$5,Inputs!$J$17)+1)/(Inputs!$K$17-Inputs!$J$17+1))
B18: WEEKLY TOTAL | C18: =SUM(C7:C17) | D18: =SUM(D7:D17) | E18: =SUM(E7:E17) | F18: =SUM(F7:F17) | G18: =SUM(G7:G17) | H18: =SUM(H7:H17) | I18: =SUM(I7:I17) | J18: =SUM(J7:J17) | ... S18: =SUM(S7:S17) | U18: =SUM(U7:U17) | V18: =SUM(V7:V17) | W18: =SUM(W7:W17)
B19: CUMULATIVE | D19: =D18 | E19: =D19+E18 | F19: =E19+F18 | G19: =F19+G18 | H19: =G19+H18 | I19: =H19+I18 | J19: =I19+J18 | K19: =J19+K18 | L19: =K19+L18 | ... Q19: =P19+Q18
B21: Paid to 30 Sep | C21: =Inputs!E18
B22: Scheduled Oct–Dec | C22: =R18
B23: Total cost | C23: =C21+C22
